ProductName,ProductCode
Anti-rust primer,32386
Rust eradicator,13297
Rust remover,30421
Rust treatment,25593
Dye,33873
Stain,13323
Wood stain,13365
Wood wax,13368
Basecoat,32406
Binding primer,32410
Cover-up paint,32413
Primer,12805
Primer & sealer,32369
Primer & undercoat,21115
"Primer, sealant & stain block",32368
Stabilising primer,24450
Stain block primer,30238
Undercoat,13348
Decorative wall panel,35161
Orbital wallpaper scoring tool,31368
Wallpaper scoring tool,31367
6 in 1 Decorators tool,33055
8 in 1 Folding pocket tool,33061
Brush & scraper,32398
Combination shave hook,32396
Scraper,9351
Shave hook,32391
Paint & paste stirrer,32388
Paint stirrer,25243
Texturing brush,33697
Roller,32723
Roller frame & sleeve,23627
Seam roller,31370
Soft seam roller,31369
Wallpaper smoothing tool,31371
Pasting brush,31361
Roller tray insert,31365
Roller tray liner,31364
Paint kettle lid,25085
Roller tray & paint scuttle lid,31362
Roller tray lid,31363
Wallpaper smoothing brush,31372
Extension pole brush connector,32352
Extension pole brush holder,31350
Extension pole,25144
Decorating set,33984
Roller kit,25143
Roller set,13024
Angled paint brush,29710
Artist's paint brush,29711
Block paint brush,29712
Flat paint brush,12279
Long reach paint brush,29713
Paint brush,12788
Sash brush,34035
Spalter brush,23629
Swan neck paint brush,33983
Paint kettle,25086
Paint & varnish remover,30419
Paint remover,25084
"Paint, varnish & lacquer remover",32393
Varnish remover,25087
Decorators fillers,25083
Repair filler,31469
Fence & shed paint,35477
Fence paint,35475
Shed paint,35476
Tester,35268
Epoxy paint,35163
Emulsion paint base,32079
Paint base,13277
Stain base,35395
Enamel paint,13206
Fibrepol roof sealant,13054
Liquid rubber roof sealant,13056
One-coat water seal,13063
Roof & gutter sealant,24093
Roof sealant,13067
Anti-damp paint,32409
Anti-germ paint,25701
Anti-mould paint,13046
Damp block paint,13185
Damp seal paint,29800
Stain block paint,29801
Stain seal paint,32404
Waterproofing paint,32412
Bare plaster paint,35418
Chalkwash paint,33891
Contract emulsion,35417
Emulsion paint,13204
Vinyl emulsion,35419
Wall paint,33892
Anti-rust metal paint,34018
Garden wood paint,13243
Metal & wood paint,28068
Metal paint,13267
Paint,12870
Trim paint,32078
Wood paint,13361
Decking paint,13045
Chalkboard paint,13037
Masonry paint,13265
Storage trolley,12703
Basin cabinet & mirror set,33043
Corner shelf,17663
Shelf,13307
Shelving,25479
Cabinet,11996
Bathroom scales,25266
Bathroom mirror,11936
Canopy mirror,31972
Colour-changing mirror,31979
Shaving mirror,25340
Paper towel multi-fold dispenser,35143
Paper towel roll dispenser,35144
Freestanding towel rail,34832
Bath mat,11925
Bath mat pieces,11926
Shower ring,12540
Toilet brush holder,33947
Toilet roll & brush holder,31970
Mirror,31558
Pedal bin & toilet brush,32944
Soap dispenser holder,33378
Toilet brush,25439
Toilet brush head,33593
Basket,13528
Box,13164
Cotton holder,33595
Jewellery & cosmetic box,31995
Jewellery box,33599
Makeup organiser,31998
Organiser,22591
Shower storage rail,34927
Storage box,17654
Swivel organiser,32893
Tray,13345
Under-basin caddie,32000
Wire basket,29923
Bathroom sound system,25598
Bath & shower mat,33597
Bathroom floor mat,33601
Drawer liner,26163
Pedestal mat,34572
Shower mat,33602
Digital analyser scales,34924
Digital bathroom scales,33598
Doctors scale,31973
Vanity box,25121
Bathroom door basket,25605
Bathroom wall & door basket,25606
Bathroom wall basket,25604
Corner basket,25047
Cosmetic basket,25048
Hook over basket,25050
Large corner basket,25051
Medium corner basket,25052
Shower basket,25053
Small corner basket,25054
Storage basket,25055
Spoon rest,35298
Cutlery chest,35297
Sink caddy,18709
Utensil holder,18651
Wall organiser utensil holder,30522
Towel holder,21161
Magnetic knife holder,26247
Cabinet liner,36389
Pull-out storage,26232
Cookware set,34842
Cocktail shaker,34839
Cake topper,34838
Cake mould,34837
Cake tin,26995
Afternoon tea stand,34834
Cake stand,34864
Whisk,34817
Skewer,34809
Salad spinner,34808
Rolling pin,34807
Pizza wheel,34825
Pasta server,34824
Pasta spoon,34802
Pasta maker,34801
Pan insert,34799
Pasta insert,34823
Steamer insert,34829
Pan handle,34798
Baking tray,35528
Oven tray,34797
Roasting tray,35527
Tart tin,35529
Oven pan,34796
Oil stopper,34794
Nutcracker,34793
Mortar & pestle set,34790
Measuring spoon,34789
Travel mug,34763
Place card,34759
Oil & vinegar pourer set,34758
Gravy boat,34755
Shelf rail,26989
Salt & pepper mill,30339
Salt & pepper mills,27014
Pot mat,27013
Roll-up drying mat & trivet,30592
Trivet,27034
Dinner plate,30485
Plate,27012
Plates,27033
Side plate,30486
Plate rack,26988
Plate rack insert,29934
Placemats,27011
Table mat,27017
Cooler,27020
Picnic bag,27010
Picnic bag & cooler,30484
Cup,27019
Espresso cup,34134
Mug,27009
Soup cup,30483
Measuring scale,27008
Scales,30338
Kitchen utensil set,26991
Jug,27006
Measuring jug,29966
Induction disc,27018
Beer glass,33948
Champagne glass,34966
Cocktail glass,34970
Coffee glass,34974
Drinking jar,30354
Flute glass,29976
Gin glass,34976
Glasses,27005
High ball glass,29971
Mixer glass,29965
Shot glass,34962
Whiskey glass,34978
Wine glass,29974
Barbecue pan,27439
Frying pan,27004
Griddle,34969
Sauce pan,34965
Sauté pan,34973
Stock pot,35290
Wok,34007
Food storage set,27003
Food steamer,27002
Sous vide machine,34133
Flour shaker,27001
Dinnerware set,26998
Compost caddy,26986
Canister,26996
"Tea, coffee & sugar canister",30337
Bread tin,35530
Loaf tin,35531
Sink tidy,36299
Washing up bowl,34571
Cabinet drainer,30593
Food mixer,34191
Hot chocolate maker,6844
Milk frother,34188
Fondue set,34187
Soup maker,34186
Waffle maker,34182
Mini oven,35136
Blender,33685
Food processor,34139
Hand blender,34135
Smoothie maker,34138
Warming drawer,21701
Bathroom accessory set,25065
Set of toilet accessories,33222
Double towel rail,31971
Towel hook,31978
Towel rack,33382
Towel rail,13103
Towel ring,21168
Towel stand,33384
Toothbrush holder,8288
Tumbler,13109
Tumbler & toothbrush holder,24967
Toilet roll holder,25607
Toilet roll holder stand,33383
Toilet roll holder with lid,33379
Toilet roll holder with shelf,33381
Toilet roll storage box,35984
Rechargeable sensor soap pump dispenser,25440
Sensor soap pump dispenser,25441
Soap dispenser,8384
Corner soap dish,25070
Soap dish,12622
Soap dish & holder,25126
Soap tray,35983
Suction soap holder,25069
Post,6331
Wall corner post,29919
Wall post,29936
Cutlery tray,12117
Utensil tray,26239
Spice rack,26248
Paper roll holder,26237
Pan lid holder,26236
Revolving shelf,30348
Basket shelf,34457
Cabinet shelving,34639
Door shelf,32901
Shelf with rail,30364
Worktop shelving,30580
Wine rack,26231
Wine rack cabinet,18554
Wine rack fascia,35072
Wine rack frame,29968
Drawer organiser,30781
Drink dispenser,27000
Hot water dispenser,34132
Tea maker,34137
Butcher's block,26990
Chopping board,12045
Bottle,26993
Clip top bottle,30477
Squeeze bottle,35288
Internal drawer front pull,30553
Cutlery drainer,29963
Dish drainer rack,29914
Drainer,25798
Kitchen drainer,25801
Kitchen sink drainer,25802
Kitchen scales,36217
Soda maker,34200
Air fryer,34180
Hot plate,34198
Warming tray,34210
Multi cooker,34197
Pressure cooker,34209
Ice cube maker,6849
Bun warmer rack,6843
Sandwich rack,34205
Cafetiere,34190
Coffee pot,34189
Rice cooker,34185
Cake maker,34184
Candy floss maker,34217
Chocolate fountain,34212
Crepe maker,34204
Dessert maker,34221
Commercial fryer,34211
Deep fat fryer,34216
Deep fryer,34220
Fryer,34199
Slow cooker,33555
2 slice toaster,34582
4 slice toaster,34583
Toaster,25195
Sandwich Toaster,25271
Cooker hood venting kit,25182
Combination microwave,25178
Microwave oven,34131
Microwave with grill,34136
Oven with microwave,29385
Coffee machine,34130
Coffee maker,27105
Tape measure,23078
Tape measure set,24746
Thermometer & hygrometer,29571
Hedgehog house,34413
Insect house,31766
Nest & wildlife boxes,27436
Nest box,31742
Roosting pouch,31697
Bedding,35969
Nesting material,35966
Hay ball,35964
Hay net,35968
Placemat,24436
Odour remover,28489
Litter tray mat,36095
Litter tray liner,36094
Animal excrement bags,35905
Bird Litter,35893
Smart pet toy,36099
Toy,27577
Drinking bottle,36028
Water bottle,36029
Water bowl,34340
Storage bin,28706
Storage crate,18395
Storage divider box,33080
Storage trunk,17653
Lid,22239
Storage container handle,30192
Storage rack,28707
Storage bin leg,28704
Storage bin rail,28705
Storage bin net,35465
Storage box net,35466
Organiser bin,22557
Organiser bin carrier,32730
Organiser bin set,22356
Organiser bin storage system,28702
Organiser cabinet,32906
Organiser Bin Kit,28701
Wall organiser kit,33346
Louvred panel,28700
Euro box,29135
Container trolley with container,28699
Workshop bench,28726
Upright bookend,28717
Corner shelving unit,28682
Height extension unit,33898
Low shelving unit,33899
Shelving unit,28681
Tall shelving unit,33900
Dolly handle,32910
Platform handle,34391
Trolley handle,32948
Hand truck,22355
Luggage cart,33345
Sack truck,29131
Stair climbing truck,32736
Wood moving cart,32739
Storage cabinet set,35540
Single arm connector,34301
Tool cabinet,29044
Tool chest,24610
High storage cabinet,22549
Low storage cabinet,22554
Storage cabinet,29040
Stacked tool cabinet,29043
Roller tool cabinet,29042
Tool combination cabinet,32439
Multi-drawer unit,29041
Tower unit,32740
Locker,29039
Single section ladder,35684
Loft storage stilt,32657
Rope ladder,17218
Step stool,22625
Loft ladder kit,28615
Combination ladder,21215
Combination telescopic ladder,32436
Ladder,32437
Faraday bag,36640
Faraday pouch,36641
Tool holder board set,35355
Toolbox set,34347
Trolley & organiser,34348
Trolley & toolbox,34346
Compartment tray,33664
Decorating tools storage system separator,31353
Decorating tools storage system lid,31351
Decorating tools storage system separator lid,31352
Tool cart,22363
Toolbox trolley,28052
Caddy,21916
Cantilever toolbox,29652
Carry case,34869
Cleaning caddy,29656
Compartment organiser case,33318
Crate,33743
Drawer system chest,29664
Hard base open mouth tool bag,29667
Open crate,22342
Power tool case,29677
Technician's case,29678
Tool caddy,29687
Tool case,22412
Tool case set,22334
Tool chest bundle,29688
Toolbox,21912
Toolbox twin pack,29689
Tote tray caddy,29690
Trunk tool box,34408
Carpenter's tool belt,29655
Contractor pouch,29679
Double pouch & tool belt,29659
Double pouch with belt,29663
Electrician's pouch,29670
Mobile phone pouch,29680
Padded suspenders,29681
Pouch,29682
Pouch with belt,29673
Single pouch with belt,29676
Supply pouch,29683
Technician's pouch,29684
Tool apron,34941
Tool belt,24671
Tool pouch,29685
Utility pouch,29686
Work belt,22331
Belt with pouches,29651
Cliptech hubs,29654
Double pouch,33742
Electricians pouch,33745
Padded belt with back support,29658
Pouch set,29662
Single pouch & belt,29675
Single pouch & drill holster,29672
Tool belt & holster set,24604
Tool belt & tools,29669
Tool roll,33746
Hammer loop,29650
Holster,24602
Lanyard,33665
Duffle bag,29649
Hard base tool bag,35535
Laptop bag,33744
Open mouth bag,33741
Open tote,30904
Open tote bag,30905
Tool bag,9667
Tool bag with wheels,29653
Backpack,24600
Backpack with wheels,29648
Rucksack,24601
3 in 1 tool organiser,29644
Cantilever organiser,29645
Decorating tool organiser,33056
Divider box,36577
Divider compartment box,36579
Heavy duty organiser case,22360
Insert caddy,36580
Insert tray,36574
Lidded box,36581
Organiser case,22364
Small organiser tool box,29646
Soft storage organiser,12682
Tool organiser,29665
Wall organiser,29913
Wall organiser rail,29917
Foam insert,24599
Bag,24496
Sack,12495
Sack & bag,24497
General purpose lubricant,34269
Shower waterproofing kit,29001
Liquid waterproofing,28999
Multi-purpose waterproofer,26634
Grout reviver,35165
Adhesive strip,29719
Replacement adhesive strip,34493
Pad,21749
Stick-on coins,32938
Magnetic strip,33223
Magnetic tape,12572
Adhesive,33033
Adhesive dots,32548
Adhesive pad,33026
Adhesive square,35610
Tape,22673
Tape dispenser,29103
Tape dispenser & tape,33421
Anti-slip tape,11896
Packaging tape,22558
Jointing tape,13127
Reinforced corner jointing tape,22395
Reinforcing tape,22350
Roof edging tape,35611
Sealing tape,12518
Self gripping tape,34328
Sealant finisher,36599
Boat sealant,33409
Rope seal,30447
Rope seal & glue,30448
Puncture repair,28795
Tyre puncture repair,28794
Wheel sealant,31402
Glue remover,32547
PU remover,33343
Sealant remover,24026
Superglue remover,33528
Sanitary sealant,24020
Sealant,12516
Bituminous mastic,33811
Lead sheet sealant,32556
Roofing waterproofer,31490
Heat-resistant sealant,34083
"Adhesive, sealant & filler",33091
Hydrokit joint sealant,29956
Intucrylic sealant,32546
Agent,33032
Concrete sealer,26623
Facade sealant,31065
Patio & paving sealer,26625
Paving Sealer,31292
Plaster,12905
Tarmac sealer & restorer,26630
Water sealant,31250
Sealant & adhesive,33030
Sealant & repairer,33029
Cartridge gun,12011
Smoother & remover tool,33090
Smoothing tool,29002
Pressure pack head,33914
Sealant nozzle,29003
Sealant gun,29004
Filler,21489
Krayon,33027
Patch & filler,33031
Putty,24092
Powder filler,21729
Decorators caulk,12917
Blu tack,32537
Re-useable adhesive,32535
Wood glue,12954
Wallpaper remover,32673
Contact adhesive,30462
Glue,31896
Liquid contact adhesive,28933
Adhesive & filler,33088
Grab adhesive,28920
Grab adhesive & filler,32549
Grab adhesive & sealant,32543
Resin,30468
Solvent weld,26393
Glue stick,28917
Door stop,21463
Display cabinet,34589
Sideboard,34084
Drinks cabinet bar,33079
Wall table,35095
Office furniture set,35107
Gaming chair,35098
Office chair,33934
Inflatable chair,35092
Inflatable gaming chair,36511
Inflatable sofa,35124
Table & chair set,27599
Sofa set,29334
Footstool bed,35359
Sofa bed,35091
Indoor chair without legs,35113
High chair,35103
Futon,35112
Foot rest,35089
Desk,28722
Folding desk,34241
Gaming desk,34742
Display pedestal,35022
Display riser,35041
Display stand,35127
Coffee table & side table,33877
Side table,33839
Table set,34588
Bar stool,22385
Dressing table stool,28719
Stool,17659
Bedside table,28720
Coffee table,28721
Console table,34120
Dining table,28728
Dressing table,28723
Floating desk,34075
Ladder desk,34073
Laptop table,34074
Occasional table,28727
Standing desk,34072
Table,6485
Tray table,34121
Vanity unit,12741
Armchair,18739
Beach chair,13463
Chair,12031
Dining chair,34071
Egg chair,32742
Folding chair,34242
Gravity chair,13464
Kids chair,22326
Occasional chair,34070
Relaxer chair,31778
Drawer organiser box,36576
Bookcase,28680
Laptop tray,35642
Watch box,35318
Shoe storage bag,35313
Shoe storage box,35974
Shoe cabinet,34616
Shoe cupboard,35324
Badminton racket rack,35328
Sports racket rack,35311
Squash racket rack,35327
Tennis racket rack,35323
Laundry storage set,35307
Filing cabinet,35300
Laptop stand,35114
Monitor stand,35106
Desk organiser,35088
Umbrella stand,35037
Coat stand,35029
Hat stand,35042
Easel,35024
Vacuum storage bag,28876
Vacuum storage case,32951
Storage unit base,34587
Cross storage divider,35001
Divider,28671
Shelf divider,32765
Bedside chest,28664
Ottoman,28696
Storage chest,28697
Storage cube,28698
Wire storage basket,32803
Corner shelf kit,33070
Shelf kit,32758
"Top, base & shelf kit",33069
Wire shelf,28691
Wire shelf unit,28692
Cross shelf,30277
Cube shelf,17664
Cupboard shelf,28690
Drawer shelf,28688
Floating shelf,28689
Photo shelf,21116
Radiator shelf,34393
Shoe shelf,30276
Slatted shelf,32766
Double laundry bag,32868
Laundry bag,28687
Laundry basket,33596
Laundry bin,32872
Laundry box,34652
Laundry chest,36666
Laundry hamper,33600
Cube storage unit,34066
Ladder bookcase,35415
Matrix box,28684
Shelving & drawer system,28685
Shelving column,28686
Storage unit,24955
Under eaves storage unit,31479
Corner TV unit,34067
Floating TV unit,34068
Media unit,33677
TV furniture stand,27793
TV stand,32345
TV unit,36476
Fixed shoe rack,34982
Clothes rail stand support,34646
Anti-dust brush strip,33855
Lateral strip,33854
Sliding door track system,12586
Top & bottom door guide,33853
Top box,32757
Stanchion support,32949
Wall stanchion,32756
Fascia strip,32755
Frame shelf,36690
Pull-out shelf,36569
Pull-out basket,30689
Modular furniture panel,30688
Reversible back panel,28677
Modular furniture door,30690
Chest cabinet,22581
Internal wardrobe organiser,22583
Large chest cabinet,22553
Modular furniture cabinet,30687
Narrow cabinet,22556
Wardrobe cabinet,22590
Mounting frame,30250
Hanging box,30245
Hanging tray,30246
Pegboard,30251
Pegboard rail,30252
Tools organizer,22196
Laundry bag frame,30248
Storage holder,32952
Trouser hanger,21131
Pull-out shoe rack,30273
Pull-out hook rack,30272
Connector,30457
Corner hanging bar,30270
Frontal hanging bar,30271
Hanging bar,30269
Upright hanging bar,33066
Cabinet base,33420
Legs,30362
Dressing kit,33078
Dressing room storage unit,28774
Low storage unit kit,29371
Storage kit,33077
Storage solution,32871
Storage tote,32867
Alarm clock,30862
Mantel clock,35039
Wall clock,35019
Clock,27596
Mantle clock,30850
Photo frame,31449
Picture frame,27195
Picture frame set,34620
Clip picture frame,30849
Box art,30848
Canvas art,12003
Unframed print,27197
Wall art,12834
Poster,27196
Framed plaque,30847
Framed print,27193
Chalkboard,27191
Chalkboard with key hooks,30861
Memo board,6833
Whiteboard,27192
Mirror set,33878
Framed mirror,27194
Full length framed mirror,30846
Mirror tile,34612
Unframed mirror,27198
Essential oil & burner,36495
Essential oil & diffuser,36494
Incense holder,36493
Ribbon,34664
Reed diffuser,30840
Wall cross,35038
Wall pediment,35044
Wall sculpture,35128
Stained glass panel,35036
Ornamental car,35031
Ornamental motor car,35043
Ornamental motorcycle,35047
Ornamental racing car,35049
Ornamental van,35048
Musical box,35030
Decorative word,35027
Framed music memorabilia,35026
Figurine,35025
Doll,35023
Commemorative plate,35021
Bust,35040
Head sculpture,35045
Statue,35020
Artificial flower,34925
Artificial foliage,34926
Lace,34734
Flag,34362
Animated figure,34237
Path markers,34236
Silhouette,30146
Inflatable,34234
Charcoal,12035
Party bundle,34233
Fogger,34232
Key holder,27289
Bookend,27288
Coin box,30868
Decorative basket,30877
Decorative box,30871
Dish,26999
Door hanger,27286
Hanging ornament,30844
Jar,30860
Key box,31448
Letter holder,27284
Ornament,12642
Perpetual calendar,30875
Snow globe,30878
Trinket dish,30876
Trinket pot,27285
Word block,27287
Tea lights,30677
Potpourri,27306
Potpourri cone,27307
Potpourri in a glass bowl,30843
Plaque,7947
Tag plaque,30842
Hurricane lantern,27295
Lantern,12405
Artificial floral arrangement,27304
Artificial plant,35134
Pot with artificial fern,30859
Pot with artificial plant,36474
Diffuser,27302
Radiator humidifier,11680
Coaster,27296
Boxed jar candle,27290
Candle,30839
Candle lantern,30838
Cloche candle,30867
Decorative candle,35269
Dinner candle,27291
Filled candle,30865
Jar candle,12489
Pillar candle,12756
Scented candle,34444
Succulent candle,30858
Tin candle,30870
Candle holder,27297
Candle plate,27299
Candle stand,30857
Tea light holder,27298
Votive,13526
Bowl,26994
Hurricane vase,30837
Vase,27303
LED pillar candle,27300
LED tea light,27301
Decorative door stop,27293
Decorative draught excluder,27294
Projector,34306
Tinsel with lights,35785
Self adhesive artificial snow,35689
Christmas string light bulb,35435
Adhesive star bow,36619
Wrapping bow,35434
Wrapping ribbon,35433
Wrapping paper & tag set,35432
Artificial Christmas tree arch,30924
Christmas decoration,27682
Snowglobe,36600
Standing decoration,34416
Table top tree,30685
Waterglobe,36601
Advent calendar,35400
Hanging decoration,34441
LED bauble,35399
Electrical christmas decoration,27683
Christmas pick,34670
Pick,29176
Stem,30684
Bauble set,34665
Christmas bauble set,34669
Hanging decoration set,34676
Pendant christmas tree,34451
Christmas hat,12047
Christmas headband,30667
Hat,31338
Santa hat,34675
Angel hair,34414
Tinsel silhouette,33099
Bead chain,11944
Christmas tinsel,34674
Tinsel,27538
Christmas tree skirt,27543
Tree skirt,30915
Christmas sack,27541
Christmas stocking,27534
Bauble stand,35159
Wreath,12977
Christmas string light cap,32476
Christmas decorative set,30636
Christmas swag,30635
Garland,12289
Artificial decorative tree,35431
Christmas berry tree,30634
Bauble,11942
Christmas bauble,30633
Bauble storage box,30912
Christmas light storage set,30918
Christmas storage box,31560
Christmas tree storage box,30917
Christmas wreath box,36702
Decoration storage bag,12129
Lights storage bag,29717
Tree storage bag,13106
Wrapping paper storage box,30916
Wreath storage bag,34641
Animated & musical character,11893
Bluetooth speaker musical character,11961
Christmas snap bracelet,33097
Musical novelty decoration,12548
Christmas wreath,21766
Teardrop wreath,30666
Christmas tree stand,21808
Chain lights,34453
Christmas cluster string light,30147
Cluster lights,34643
Cluster string light,30913
Curtain light,30148
Festoon lights,30673
Icicle light,30149
Icicle lights,12377
Net light,30665
Rope Light,21816
Shaded lights,12526
String lights,12709
Window light,21803
Stocking,12705
Single Christmas light,27687
Christmas projector,27533
Artificial christmas tree,27680
Fibre optic christmas tree,30923
Pot grown Christmas tree,27685
Inflatable Santa,35683
Christmas light clip,27544
Christmas light fixing,27540
Christmas tree clip,30669
Decoration hook,27530
Decoration suction cup,27545
Garland hook,30671
Gutter hook,30668
Rope light clip,30670
Stocking hangers,12707
Stocking holder,30664
Suction cup,30672
Suction cup clip,30920
Suction cup hook,30919
Wreath hanger,12976
Christmas wrapping paper,27529
Wrapping paper,12975
Wrapping paper & tag,34640
Christmas gift tags,27528
Gift sticker,34415
Christmas gift bag,27527
Christmas gift box,27539
Cut christmas tree,27536
Real Christmas tree,30832
Christmas card,27681
Decoration,18798
Artificial christmas tree on trunk,36662
Duvet & pillow set,36558
Duvet cover,35102
Bed canopy,35101
Mattress protector,30855
Pillow protector,30851
Pillowcase,8330
Deep fitted sheet,27642
Fitted sheet,27644
Flat sheet,18630
Pleat valance sheet,8331
Valance sheet,29755
Bed in a bag set,30854
Bedding set,29753
Bundle bed set,27640
Cot bed set,29754
Duvet cover & pillow case set,35146
Duvet set,27643
Duvet,8332
Pillow,8334
Electric blanket,8333
Heated throw,36595
Indoor furniture cover,35090
Empty bean bags,35109
Bean bag refill,35086
Cushion,13508
Sunlounger cushion,30863
Sunlounger mattress,34991
Cushion cover,32976
Bench cushion,30866
High back seat cushion,13414
Recliner cushion,31381
Seat pad,13415
Bed runner,30853
Blanket,27660
Throw,13480
Bath sheet,31559
Bath sheetbeach towel,28826
Bath towel,8340
Beach towel,8341
Face cloth,8337
Guest towel,8338
Hand towel,8339
Tea towel,30852
Towel,31450
Table cloth,13478
Storage cover,8336
Pouffe,8335
Floor cushion,13509
Orthopaedic cushion,30239
Seat cushion,36466
Bean bag,27638
Bean bag cube,30845
Connecting angle bracket,36623
Vertical blind top hanger,36515
Curtain eyelet fitting tool,36514
Cord weight,30834
Curtain opener,36223
Curtain rail stopper,35613
End cap,18590
Tassel,34332
Swag,12708
Valance,35046
Japanese blind & fitting kit,34997
Curtain pole bracket,27591
Curtain pole support bracket,34737
Café curtain,34252
Curtain pole,12112
Curtain track,27594
Net curtain pole,35200
Curtain pelmet,30766
Curtain track cover,36468
Adaptor,11861
Pole & track adapter,30765
Angle connector,30972
Bay bend,30970
Elbow joiner,30969
Pole & track connector,30764
Pole connector,30968
Blind control,30189
Curtain fixing kit,27584
Curtain multi-fixings system,29786
Powered blackout roof window blind,29186
Curtain,29783
Curtains,13184
Door curtain,35935
Drapes,27595
Japanese panel curtain,34326
Net curtain,35198
Voile curtain,29785
Voile curtains,29784
Window pane curtain,34322
Curtain hold back,27587
Curtain tie back,30974
Tie back hook,30833
Blind fixing kit,27585
Blind tensioner kit,36490
Curtain & blind fixing,29250
Blind,11959
Roller blind,22600
Roman blind,21176
Vertical blind,27583
Door mat,12151
Mat,29282
Scraper mat,34499
Chair mat,35110
Carpet beater,35160
Rug,21359
Runner,29283
Carpet underlay,26463
Rug grip,29752
Carpet tile,12007
Carpet,26464
Pickle press,35823
Fermenting & pickling barrel,34250
Wine filtration tool,35824
Wine yeast,34294
Wine glass container (demijohn),34292
Wine bottle corker,34290
Cork,34261
Jar lid,34298
Water carrier,36382
Water tank,32568
Water purification tablet,36381
Water bag,36379
Water bladder,36380
Water pouch,36378
Camping kettle,36366
Stove top kettle,36365
Whistling kettle,36367
Pot support,36364
Stove pot support,36363
Sleeping mat,36362
Self-inflating sleeping mat,36361
Sleeping bag liner,36360
Shower bag,36359
Peg extractor,36358
Peg puller,36357
Ice block,36356
Ice pack,36355
Camp bed,36348
Bivi bag,36347
Air pillow,36346
Travel pillow,36345
Carrier,36022
Booster seat,36021
Vivarium,36107
Vivarium hideaway,36105
Vivarium ornament,36106
Socks,21192
Beanie hat,36020
Cap,26340
Cooling jacket,36024
Nail grinder kit,36023
Comb,35967
Nail clippers,35962
Cat flap,35012
Pet cage stand,36096
Crate mat,36025
Portable shower,36116
Diaper,36113
Chicken coop cleaner,36048
Litter scoop,35892
Pet toy,36129
Puzzle,36117
Scratching mat,36069
Dog whistle,36056
Dog clicker,36055
Dog agility hurdle,36050
Dog agility hoop,36049
Cat tower,36045
Cat furniture protector,36044
Travel bottle,36126
Smart pet feeder,36098
Bird feeder,32093
Ground feeder,13140
Seed feeder,31695
Seed mix & feeder,31740
Squirrel proof bird feeder,31765
3 strip laminate flooring,11856
Laminate flooring,12444
Luxury vinyl click flooring,29815
Hub centric ring,36151
Hub centric spigot ring,36152
Grip mats,28792
Snow treads,28793
Ice scraper,28790
Ice scraper & snow brush,31573
Ice scraper & wiper,28791
Telescopic ice scraper & snow brush,31569
Workshop press,29056
Workshop power puller,29053
Tent,33924
Moon shoes,36411
Space hopper,36410
Football net,36409
Playhouse with swing,36276
Playhouse with climbing frame,36274
Playhouse fireman's pole,36273
Whistling bomb,32058
Self-sealing water balloon,36282
Water slide,36237
Water gun,32057
Aromatherapy scent,27556
Awning vibration sensor,36297
Outdoor hanging table,35372
Coffee table set,29821
Dining set,29320
Garden furniture set,12323
Garden trolley,13533
Plancha trolley,31755
Trolley,24910
Deck chair,33301
Hanging chair,34539
Hanging egg chair,34933
Kids armchair,36749
Kids camping chair,36748
Kids egg chair,36746
Kids picnic chair,36747
Daybed,34542
Recliner,35397
Sun lounger,13555
Armchair cover,33239
Barbecue cover,24071
Bench cover,34537
Chair stack cover,17043
Chimenea cover,31663
Coffee set cover,33627
Coffee table cover,34534
Dining set cover,17047
Dining table cover,34535
Firepit cover,17213
Furniture cover,35859
Grill cover,26164
Lift-up table cover,34538
Outdoor equipment cover,27606
Outdoor heater cover,29822
Parasol cover,17045
Pizza oven cover,31775
Plancha cover,17206
Ride-on mower cover,36216
Rotary washing line cover,33068
Sofa cover,34536
Sofa set cover,33737
Sun lounger cover,17046
Swing bench cover,17048
Table cover,17044
Trampoline cover,32499
Zipped washing line cover,31753
Fire bowl,27578
Firepit,13540
Fireplace,32541
Chiminea,24427
Grill fork,32039
Barbecue smoker,35871
Wood pellet grill,35868
Wood pellet grill & smoker,35872
Grease bucket liner,35867
Grease tray liner,35870
Freestanding gas burner,24179
Air humidifier,34079
Fan,24752
Pedestal fan,21763
Table fan,21768
Air cooler,21814
Tower fan,21815
Moisture absorber,35911
Moisture trap,24755
Moisture absorbing refill,35988
Moisture absorbing sachet,34403
Moisture trap refills,24754
Mobile window AC kit,24753
Ceiling fan,24751
Local air conditioner,32113
Mobile air conditioner,21784
Underfloor heating cable,24767
Underfloor heating mat,24770
Underfloor heating foil kit,24768
Underfloor heating overlay,29232
Space heater,36630
Workshop heater,34708
Vegetable sack,35321
Egg basket,35320
Egg holder,35299
Cling film,35295
Bowl cover,35294
Shot glass dispenser,35108
Serving tray,35123
Coffee server,34959
Teapot,34957
Carafe,34956
Decanter,34958
Cupcake case,34888
Muffin case,34889
Oven liner,34863
Lunch box,34862
Lunch bag,34861
Ladle,34860
Kitchen storage trolley,34859
Kitchen stand,34858
Kitchen skimmer,34857
Ice cream scoop,34856
Ice bucket,34855
Hob cover,34854
Hip flask,34853
Ham holder,34852
Garlic press,34851
Ricer,34867
Food storage box,34850
Food cloche,34849
Food cover,34866
Flask,34848
Thermos,34865
Fish scaler,34847
Egg ring mould,34846
Egg poacher,34845
Egg cutter,34844
Defrosting tray,34843
Coffee tamper,34840
Bread bin,18652
Baster,34836
Water bottles,34816
Vegetable mill,34815
Tin opener,34814
Tenderiser,34813
Spiralizer,34811
Spatula,33240
Spaghetti serving measure,34810
Potato chip cutter,34806
Peeler,34804
Pasta wand,34803
Pan lid,34800
Barbecue mitt,32035
Oven gauntlet,34830
Oven glove,34795
Oven gloves,34822
Oven mitt,34828
Non-electric food steamer,34792
Non-electric saucepan steamer,34821
Mug tree,34791
Masher,34788
Manual timer,34787
Mandoline,34827
Manual Grater,34786
Manual slicer,34820
Kitchen bin set,34785
Meat fork,34782
Toast rack,34762
Drinkware set,34761
Cake plate,34760
Dessert plate,34975
Pizza plate,34971
Salad plate,34977
Serving dish,34767
Napkin ring,34757
Kitchen tongs,34756
Tongs,35877
Fruit bowl,34754
Disposable cup,34753
Disposable bowl,34766
Disposable dish,34771
Disposable plate,34752
Disposable fork,34765
Disposable knife,34770
Disposable spoon,34751
Cup & saucer set,34769
Mug & saucer set,34750
Teacup & saucer set,34764
Bread basket,34749
Napkins,34672
Serviettes,34667
Tissues,34663
Napkin holder,34671
Serviette holder,34666
Tissue holder,34662
Dishwasher fake drawer rail,34561
Jar opener,33532
Magnetic panel,31004
Worktop storage set,30590
Knife block,29915
Cup holder,30588
Wine glass & cup holder,30589
Wine glass holder,30587
Chopping board set,29946
Funnel,28799
Spout,28800
Storage tin,27016
Clip top jar,30356
Preserve jar,30368
Storage jar,27015
Baking dish,29972
Casserole dish,35289
Dessert dish,30479
Gratin dish,29973
Lasagne dish,29975
Pie dish,29964
Pudding basin,30480
Pudding dish,29970
Shallow dish,30478
Colander,18713
Batter bowl,30367
Cereal bowl,34968
Chip & dip bowl,30355
Dessert bowl,30388
Mixing bowl,30376
Pasta bowl,34961
Salad bowl,34964
Serving bowl,34972
Soup bowl,30384
Kitchen drawer box & front,36246
Drilling guide,30779
Drilling kit,34448
Kitchen drawer unit,25920
Sponge holder,36300
Sink liner,30345
Sink mat,29921
Kitchen sink set,34633
Worktop sink & drainer,26045
Worktop with sink,26046
Worktop with sink & drainer,26047
Combined sink waste,25805
Pack A waste,30561
Pack B waste,30562
Pack C waste,30563
Pop up sink waste,25806
Pop up waste,25807
Bowl basket,29961
Sink basket,25813
Compact dish rack,25795
Compact drainer,25796
Dish drainer,18708
Dish rack,25797
Pancake & crepe maker,36499
Pancake maker,36498
Steam clothing care system,35951
Popcorn maker,34202
Meat grinder,34201
Smoking gun,35178
Health grill,34196
Breakfast set,34208
Kettle & toaster set,34219
"Kettle, toaster & microwave set",34215
Kitchen triple pack,34195
Ice cream maker,34194
Food dehydrator,34193
Chopper,34192
Seasoning mill,34214
Spice grinder,34207
Replacement filter cartridge,30453
Flexi tub,32477
Mixing bucket,29500
Mop bucket,29497
Plasterer's mixing bucket,29496
Tub,24495
Sanding sheet,24406
Sanding sheet set,24405
1/2 sanding sheet set,32771
1/3 sanding sheet set,30159
1/4 sanding sheet set,30171
Dog bed,34345
Chicken coop cleaner granules,36047
Chicken coop cleaner powder,36074
Excrement scoop,36030
Litter tray,35891
Shampoo,35890
Cat Litter,35889
Scratching post with bed,36071
Scratching post,36070
Cat tunnel,36046
Nyjer seeds,31651
Peanuts,33844
Seed mix,31673
Suet balls,31674
Suet cake,32506
Suet pellets,32504
Sunflower hearts,31767
Wild bird feed,31698
Wildlife feed,27437
Foot pump,29057
Airbed,33916
Sleeping bag,33922
Zip line kit,36418
Basketball hoop,36265
Close control trainer,34110
Obstacle course set,36272
Climbing frame with slide & swing,36271
Climbing frame with slide,36269
Climbing frame,35637
Swingball,34521
Racquet set,32064
Tennis set,32062
Snow scooter,34016
Skittles,35843
Seesaw,35638
Dart gun,36267
Croquet set,35846
Playground floor slab,36244
Playground floor tile,36240
Inflatable lilo,34607
Inflatable pool ring,32669
Inflatable rider,32727
Inflatable drink cooler,36232
Inflatable armband,36239
Climbing wall,36238
Play tent,35094
Indoor play equipment set,35104
Play kitchen,34614
Hand pump,34080
Playmat,27576
Safety mat,17221
Activity set,33998
Play centre,32029
Play equipment set,27575
Playhouse with swing & slide,36280
Slide,13529
Swing & glide set,31664
"Swing, slide & glide set",35407
Activity table,27571
Sand & picnic table,31722
Sand & water picnic table,31757
2 in 1 swing set,31720
Baby swing,31756
Double swing set,31646
Growing swing set,31656
Saddle monkey disc swing,17216
Measuring jug kit,33339
Spa health check,32026
Spa maintenance kit,33629
Spa placement & wet start,32053
Shade sail bracket,36570
Patio cover,34090
Barbecue servery,35801
Mini bar,35800
Hammock fittings kit,34999
Parasol,35875
Standing parasol,13461
Hammock,12359
Grill tongs,30660
Barbecue pizza oven,35547
Outdoor kitchen drawer unit,35353
Outdoor kitchen base unit,35351
Smoker box,34336
Multi-cooking set,36743
Charcoal barbecue starter,27442
Grow table,34063
Propagator cover,32121
Macreme pot hanger,34044
Pot hanger,34048
Trough hanger,34049
Wall rack,34047
Growing bag,34046
Gardening tray,35630
Pot & tray,32490
Tray lid,32425
Propagator refill,32106
Pot mover,27645
Pot feet,27646
Pot stand,32956
Balcony plant pot,34029
Downpipe plant pot,33341
Grow pot,32105
Hanging pot,13448
Plant pot,27647
Railing plant pot,33315
Trio plant pot,33356
Wall plant pot,34030
Hanging basket,27649
Hanging basket bracket,34045
Hanging pot holder,33414
Unplanted living wall kit,36501
Grass seeds,35796
Lawn seeds,35873
Living picture,33626
Artificial grass glue,35775
Artificial grass cleaner,35457
Festive planter,33643
Planted pot,35789
Lawn conditioner,31774
Lawn feed,32515
"Lawn feed, moss & weed killer",31654
Lawn fertiliser,29706
Lawn patch repairer,27627
Lawn repair,27615
Lawn seed,33624
Lawn thickener,29707
Lawn treatment,22155
Moss treatment,31752
Organic lawn fertiliser,33338
Pre lawn seed & turf fertiliser,31717
Spot repair,35005
Hanging plant,33623
House plant,27614
Berry fruit tree,33217
Citrus fruit tree,33220
Core fruit tree,33219
Olive tree,31716
Stone fruit tree,33218
Tree,13107
Artificial grass,11902
Plant support,7813
Vine tying tool,35774
Plant support with watering system,35773
Trellising kit,35772
Plant support end cap,35771
Plant clip,35770
Plant pot roller,34102
Landscaping fabric,31031
Root barrier fabric,17238
Weed control fabric,17237
Hoop plant tie,33351
Plant tie,32985
Plant container liner,29714
Fixing spike,13487
Garden stake,12309
Stake,13456
Tree pole,31072
Cane,35860
Plant stick,29908
Poles & sticks,27520
Plant support connector,35888
Plant cloche support,35887
Plant support frame,31714
Plant labels,12771
Obelisk,27516
Obelisk support trellis,32101
Cover net,27522
Garden mesh & netting,35511
Greenhouse shading,33683
Netting,27515
Netting roll,27523
Plant netting,35513
Cloche,34060
Grow tunnel,31713
Grow tunnel cover,31751
Grow tunnels,27514
Polytunnel,32100
Plant cover,32982
Weed killer,18443
Weed preventer,32913
Pesticide candle,34094
Fertiliser,22374
Plant feed,29927
Chicken manure,33387
Garden fertiliser,18362
Organic fertiliser,22593
Patch repairer,22598
Plant feed & fertiliser,33386
Universal plant food,18411
Drip feeder,29925
Horizontal log edging,13489
Lawn edging,13484
Vertical log edging,13488
Perlite,32419
Vermiculite,32420
Bagged moss,27443
Compost,12075
Compost additive,32091
Expanded hydroleca,32421
Growing plug,34026
Horse manure,32124
Horticultural grit,33067
Lawn dressing,31817
Moss,32418
Peat free top soil,32128
Soil,33086
Soil conditioner,31815
Soil improver,29693
Top soil,31816
Bark chippings,32538
Conifer bark chippings,34459
Mulch,32539
Woodchip mulch,32540
Woodchips,33087
Sports ball cage,35315
Bar & garden store,32424
Bin storage,32122
Cushion box,33340
Garden storage,27669
Garden storage bench box,32423
Garden storage box,29824
Tool storage,32112
Bike storage,27665
Bike store,11950
Motorbike store,32120
Animal house,27666
Animal house & run,35051
Growhouse,27653
Greenhouse,27654
Lean to greenhouse,34996
Green house cover,27568
Coldframe,27570
Temporary mesh,13402
Triple torsion mesh,5608
Wire mesh roll,36461
Trellis,21682
Trellis panel,36393
Decorative fence ornament,35184
Sliding gate wheel,35191
Fence slat,13216
Garden wire,27493
Gate & fence post,31711
Gate post,27490
Gazebo,21228
Arch,11899
Pump sprayer & trigger sprayer set,35595
Pressure sprayer,27560
Pressure washer adaptors & nozzles set,35594
Garden tap plumbing kit,35593
Hose spray gun,35592
Fire hose,35591
Hose pipe extension,35590
Watering can water broom,35589
Watering gel,35588
Irrigation system nozzle,35587
Hose nozzle starter set,33938
Hose sprayer attachment kit,35586
Water butt connector,36632
Water butt pairing kit,35585
Water butt hose,35584
Water butt drain plug,35583
Irrigation watering bag,35580
Hose reel bracket,35579
Hose pipe & cart set,35578
Irrigation system connector kit,35608
Irrigation system meter,35607
Irrigation system valve box,35606
Nozzles adjustment key,35605
Aquastop connector,22150
Brass hose connector,22147
Hose pipe adaptor,35883
Irrigation system pressure switch,35738
Irrigation tape,35744
Feeder unit,35150
Watering ball,34497
Watering spike,34498
Backpack pressure sprayer,29797
Hose guide,33408
Hose hanger,31762
Hose pipe set,31761
Seal repair kit,13495
Pressure regulator,12904
Rotary sprinkler,34472
Watering kit,27557
Watering can,12925
Watering can & sprayer,31729
Watering can rose,22205
Rainwater harvesting system,31728
Backpack sprayer,11907
Foam trigger sprayer,33810
Trigger sprayer,13115
Handheld pressure sprayer,29790
Handheld trigger sprayers,29791
Outdoor tap,27561
Hose nozzle,32706
Spray handle,32714
Spray lance,22250
Spray nozzle,22631
Hose pipe,27558
Underground hose pipe,29911
Empty hose cart,33942
Empty hose reel,33937
Hose box,31727
Hose cart & reel,32497
Hose pipe cart,27565
Hose reel,22551
Hose trolley,31776
2-way hose pipe connector,32701
3-way hose pipe connector,34470
4-way hose pipe connector,32702
Handheld seed sower,35570
Hose pipe connector,27564
Hose repair connector,22381
Triple hose pipe connector,32716
Hose cart set,33940
Hose reel & hose,31726
Hose reel set,33936
Grass trimmer,22609
Brushcutter spool,33620
Line,27383
Line trimmer spool,27401
Line trimmer spool & line,27384
"Replacement cover, spool & line",31746
Spool & line,12637
Trimmer line,32096
Trimmer safety kit,13111
Hedge trimmer,22611
Pole hedge trimmer,33988
2-in-1 pole hedge trimmer & pruner,33989
Pruner & hedge trimmer,33619
Brushcutter blade,27379
Trimmer blade,31706
Edger multi-tool attachment,35649
Multi-tool cultivator attachment,35601
4-in-1 multi tool,31705
Backpack multi tool,31745
Garden multi-tool,27781
Multi cutter,31770
Multi-tool,12602
Hedge trimmer extension shaft,31704
Multi-tool extension pole,27358
Hedge trimmer attachment,31652
Hedge trimmer multi-tool attachment,27357
Hedge trimmer pruner attachment,31659
2-in1 garden multi-tool,31434
3-in1 garden multi-tool,31435
4-in1 garden multi-tool,31436
Brushcutter attachment,32022
Composter,12078
Hot composter,35059
Kitchen caddy,35056
Clearaway bag,27451
Pop-up bag,27452
Recycling bag,30882
Garden trowel head,35669
Fruit picker head,35667
Brush head,35665
Scraper head,35666
Gutter cleaner head,35664
Lawn aerator head,35663
Scythe ring,35662
Peening anvil,35661
Sweeper head,35660
Pruning saw attachment,35659
Chop saw attachment,35658
Manual cultivator head,35657
Handle adaptor,35655
Hoe head,35654
Garden tool storage stand,35650
Scythe wedge,35603
Gutter cleaning scraper,35602
Lawn aerator shoe,31685
Lawn aerator shoes,35632
Nut gatherer,35571
Hedge trimmer debris remover,35569
Pole saw attachment,35861
Pole saw multi-tool attachment,35568
Grass trimmer replacement blade,35567
Blower & vacuum attachment bag,35566
Shrub & grass shear,35502
Hoe,21300
Plough head,35749
Weeding brush,35441
Pole pruner,36564
Pruner,27092
Pruner & shrub shears,36492
Secateur,21302
Edger head,34781
Snow plough head,34748
Lopper & secateur set,34733
Weeding cone,13501
Weed puller,31687
Hand fork,31679
Lawn aerator,11848
Punner,32853
Scoop,11497
Soil scoop,31690
Transplanter,21296
Drain shovel,21230
Micro shovel,21231
Shovel,21225
Snow shovel,21229
Loppers,30828
Shears,27091
Edging iron,33704
Lawn edger,31688
Weeder,21288
Lawn sweeper,27089
Hollow tine aerator,13552
Broom handle,28568
Pole,27094
Shaft,33722
Telescopic handle,31684
Grafting spade,36517
Rabbiting spade,33962
Spade,21222
Mesh sieve,32462
Sieve,27085
Standing sieve,34446
Garden snips,36478
Pruning snips,36477
Secateurs,29879
Hand rake,33723
Rake,13074
Skareator,34469
Post driver,31682
Post rammer,12763
Aerator & spreader,31683
Hand held spreader,12349
Spreader,5614
Wheeled spreader,27087
Leaf grabber,27083
Hand pushed garden roller,31681
Lawn roller,12409
Towed garden roller,31733
Hoe & cultivator,31686
Hoe & pick,32854
Axe set,32459
Digging tool set,32460
Fork & spade set,36516
Fork & trowel set,31732
Garden tool set,27082
Rake & broom set,32461
Border fork,33958
Digging fork,33957
Fork,12278
Manure fork,33959
Pitchfork,33960
Standard fork,33961
Tined fork,33955
Trench fork,33954
Weeding fork,33956
Dibber,7722
Bulb planter,21299
Pond water treatment,35822
Fish net,35767
Lamp,31881
Solar pond pump,27464
Aquarium filter,36108
Pond filter system,31375
Wired pond pump,27465
Green water treatment,31694
Pond & water treatment,27466
Tap water conditioner,31739
Water butt treatment,31650
Water feature treatment,31764
Pond liner felt,35847
Garden clock,31763
Garden clock with thermometer,36078
Windbreak,35393
Wind sock,35392
Weathervane,35391
Paraffin lantern,35157
Artificial plant wall,34934
Torch wick,35169
Wind spinner motor,32487
Water feature,32434
Twister ornament,30825
Wind chime,12897
Wind spinner,12898
Wind twister,31738
Garden ornament,32021
Plant marker,31737
Decorative lantern,27458
Wastepaper basket,35326
Wastepaper bin,35317
Nappy bin,35309
Bin lid,35293
Bin,32892
Bin bag,30202
Bin liner,27453
Caddy liner,27454
Compostable bags,27455
Wheelie bin liner,27457
Wheelie bin,27467
Outdoor bin,13493
Cigarette bin,21427
Pull-out bin,33798
Swing-out bin,30482
Recycling bin,13494
Sharps bin,30359
Outdoor litter bin,24913
Ironing board cover clip,36508
Ironing blanket,34661
Iron holder,32950
Folding board,28746
Iron,28873
Steam iron,28874
Active steam cushion ironing board,28870
Ironing board,28861
Table top ironing board,28866
Ironing board cover,28860
Ironing board felt pad,28865
Protective ironing cloth,32745
Reflective ironing board cover,28869
Airer accessory kit,36566
Hanging wardrobe organiser,36578
Hanging wardrobe storage,36706
Wardrobe storage,34928
Mounting sleeve,34921
Outdoor clothes line & end supporting stand,34900
Heated airer,5560
Clothes peg holder,32619
Peg bag,32585
Storage bag,32865
Under bed storage bag,36575
Airer,28862
Laundry airer,13253
Portable rotary airer,28872
Rotary airer,28863
Rotary washing line,28868
Sock dryer,13314
Clothes pegs,30676
Hanger hook,36565
Replacement washing line,33074
Washing line,32800
Line post,28857
Washing line support pole,28864
Clothes hangers,33071
Coat hanger,34656
Hangers,33072
Tie hanger,35356
Trouser hangers,33073
Cleaning brush & bucket set,35757
Empty spray bottle,35459
Cleaning roller,35429
Delicates bag,34585
Mesh laundry bag,34584
Wash bag,34529
Bobble remover,33686
Spray bottle window squeegee,32601
Air duster,32565
Lint roller,32611
Lint roller refill,33821
Sticky brush,32564
Shopping bag handle,32562
Fitted cleaning cloth,32665
Fitted cleaning pad,32668
Dust pan,32850
Spray bottle kit,31854
Window cleaning set,35850
Window scrubbers,35849
Window vac squeegee head,34100
Flat mop wringer,30449
Mop wringer,5557
String mop wringer,30450
Mop kit,30411
Anti-bacterial wipes,30439
Cleaning wipes,31567
Cloth wipes,35067
Cockpit wet wipes,31572
Dashboard wipe,28602
Decorators wipes,30438
Degreaser wipes,30441
Dusting wipes,30945
Floor wipes,30415
Flushable wipes,30440
Leather wipes,30437
Multisurface wipes,30436
Sponge wipe,28603
Upholstery wipes,35069
Window dry wipes,31574
Window wet wipes,31575
Scrubber,28597
Squeegee,12813
Squeegee & scrubber,28598
Window scrubber,28600
Window squeegee,28599
Window squeegee & scrubber,28601
Scrubber replacement,28593
Shower squeegee blade,31557
Squeegee blade replacement,28594
Window scrubber replacement,28595
Window squeegee blade replacement,28596
Window vacuum squeegee blade,30966
Applicator pad,28584
Cleaning pad,34717
Decorators grout scourer,31570
Dish scourer,31847
Magic eraser,28587
Oil absorbing pad,28588
Scourer,28582
Scourer roll,31556
Scouring gloves,34899
Decorating towels,28580
Paper roll,31555
Paper towels,28581
Toilet roll,28579
3 Action mop,31551
Bucket & mop set,31552
Flat mop,28576
Floor sponge mop,28578
Fringe mop,31550
Mop,28575
Mop with scrubber,31553
Spray mop,30963
String mop,30412
Twist mop,30965
3 Action mop head,31548
Dusting mop head,31547
Flat floor mop head,28573
Flat mop head,28572
Floor sponge mop head,28574
Mop head,28571
Scrub brush head,31549
Sponge mop refill,35573
Spray mop head,31546
String mop head,30410
Twist mop head,31544
Washing mop head,31545
Mop frame,28569
Mop handle,31543
Telepole,28570
Window vac extension pole,12932
Duster,28560
Dusting brush,31530
Dusting wand,28561
Electrostatic duster,31542
Venetian blind duster,28562
Dustpan & brush set,28564
Dustpan set,28567
Long handle dustpan & brush set,28565
Wet & dry spill pan,28566
Buffing cloth,28545
Cleaning cloth,28547
Cleaning mitt,33760
Decorating cloth,28549
Dish cloth,28550
Drying towel,28551
Furniture cloth,28552
Glass cloth,28553
Grout removing cloth,28554
Lint free cloth,31541
Polishing cloth,28555
Pre-paint dust cloth,28556
Rags,28557
Stockinette roll,28558
Streak-free cloth,31845
Terry cloth,31540
Broom head,32848
Blanketweed brush,28537
Brush,21169
Car wash brush,28538
Clothes brush,33756
Dish brush,28539
Grout brush,28541
Hand brush,21314
Radiator brush,7487
Scrubbing brush,28542
Upholstery brush,28543
Broom & scraper,35405
Deck broom,33963
Plug-in air freshener,36676
Plug-in air freshener & refill kit,36678
Plug-in air freshener refill,36677
Spray,12453
Household detergent set,35331
Chimney cleaning product,34696
Iron cleaning stick,34632
Cleaning product with cloth,34630
Bacterial activator for septic tank & domestic sewage treatment plant,34276
Septic tank & domestic sewage treatment plant cleaning product,34300
Stain remover,30435
Scented stick,30637
Radiator humidifier oil,11696
Radiator humidifier oil & scent sheet,11683
Radiator humidifier scent sheet,11701
Scent oil,34338
Fabric waterproofing protector,30408
Chemical spa kit,28660
Chlorine granules,28658
Chlorine tablets,28659
Water clarifier,12895
Brass polish,28649
Floor polish,28647
Furniture polish,13233
Laminate floor polish,28648
Leather balm,33759
Polishing paste,30957
Rain repellent wax,33764
Silver polish,28650
Tile polish,28653
Vinyl floor polish,28654
Wax,28655
Wood floor polish,28656
Wood polish,28657
Algae & mould remover,28644
Fungicidal wash,31539
Mould & mildew remover,33767
Mould remover,28646
Algae remover,30416
Bleacher & stain remover,30417
Brick & masonry cleaner,28641
Clinker cleaner,30944
Graffiti remover,28642
Patio & driveway cleaner,26612
Patio & stone cleaner,32680
Patio cleaner,28643
Stone cleaner,31565
Antiseptic,31538
Bicarbonate of soda,33880
Black soap,36613
Bleach,28523
Caustic soda,31534
Citric acid,33879
Cleaning spray,31945
Detergent,31535
Disinfectant & cleaner,30409
Glass cleaner,34526
Grout cleaner,36620
Grout protector,36621
Household cleaner,28640
Residue remover,31946
Salt,33881
Soap,34527
Soda crystals,28501
Spray refill,33212
Washing liquid,33763
White vinegar,33882
Foam handwash,28635
Hand cleaner,28636
Hand cleaning paste,30950
Hand cream,28637
Hand gel,33125
Hand sanitiser,35066
Hand wash,28638
Hand wipes,30951
Lotion handwash,28639
Floor refinisher,35776
Hard floor cleaner,28628
Laminate & wood floor cleaner,28629
Laminate floor cleaner,28630
Multi-purpose floor cleaner,28631
"Stone, tile & laminate floor cleaner",28632
Universal hard floor cleaner,28633
Wood floor cleaner,28634
Ammonia,28526
Drain cleaner & unblocker,28529
Drain opener,28531
Drain unblocker,28532
Instant drain clearer,28533
Plughole & drain unblocker,36633
Plughole sanitiser,35065
Plughole unblocker,28534
Sink & drain unblocker,28535
Toilet block,31844
Toilet cleaner,28536
Disinfectant,28525
Anti-limescale ball,36573
Carpet detergent,28495
Dishwasher cleaner,28497
Dishwasher rinse aid,28498
Dishwasher salt,36675
Dishwasher tablets,28499
Eco laundry ball,36572
Fabric conditioner,36638
Pet detergent,28500
Purifying cleaning agent,30465
Washing capsules,36636
Washing powder,28503
Window cleaner,28521
Descaler,28491
Dishwasher descaler,34606
Limescale remover,28492
Deodouriser,28490
Fresh bin powder,28488
Bicycle degreaser,28483
Cleaner & degreaser,28484
Degreaser,33758
Oil & grease remover,28487
Carpet & upholstery cleaner,28475
Carpet & upholstery shampoo,28474
Carpet cleaner,28663
Carpet freshener,33857
Carpet pre-treatment traffic lane cleaner,28476
Carpet stain remover,28477
Cleaner & renovator,28478
Fabric cleaner,28479
Fabric protector,32912
Floor & carpet cleaner,28480
Leather treatment & cleaner,28481
Upholstery cleaner,28482
Urine remover,33757
Pressure sprayer attachment,35346
Pipe & drain cleaning kit,31893
Pipe cleaning hose,22249
Sandblasting kit,22343
Pressure washer detergent,31533
Shampoo detergent,33946
Pressure washer filter,32834
Comet to MacAllister adaptor,32832
Fix brush,33236
Karcher to MacAllister adaptor,32831
MacAllister to Karcher adaptor,32830
Nozzle,22228
Rotary brush,33235
Twin nozzle holder,32829
Underbody swivel adaptor,32833
3-in-1 stone & cladding cleaner,31467
Pressure washer decking cleaner,29881
Pressure washer patio & decking cleaner,29882
Pressure washer patio cleaner,28947
Lance extension,30954
Pressure washer lance,28946
Extension hose,31531
Pressure washer hose,28945
Suction hose,31532
Pressure washer gun,28944
Pressure washer foam nozzle,32033
Pressure washer foamer,28943
Car brush,22324
Flat brush,30947
Pressure washer brush,28942
Rotating brush,30960
Round brush set,30961
Steam brush turbo,30964
Wheel rim brush,22267
High-pressure hose kit,30952
Pressure washer attachment kit,28941
Pressure washer hose & gun set,33335
Roof gutter & pipe cleaning set,30959
Sand blast kit,22317
Self priming kit,33972
Pressure washer (hot water),35993
Carpet cleaning machine,36628
Road sweeper,36626
Electric mop,35427
Electric wiping mop,35428
Floor polisher,35425
Dust extractor,33675
Push sweeper,28467
Floor polisher pad,28466
Floor sweeper with batteries,31852
Steam cleaner,21388
Steam mop,35426
Spray extraction carpet cleaner,31851
Air blower,33572
Vacuum cleaner wall mount,36328
Vacuum cleaner seal,36327
Vacuum cleaner handle,36326
Vacuum cleaner wheel,36325
Vacuum cleaner scent,36324
Vacuum cleaner motor,36323
Vacuum cleaner charger,36322
Vacuum cleaner carbon brush,36321
Vacuum cleaner brush head,36320
Vacuum cleaner belt,36319
Vacuum cleaner extension tube,35565
Window vacuum with cleaning kit,35339
Vacuum cleaner engine bag,35194
Dry vacuum,30642
Dustbuster,31850
Handheld vacuum cleaner,31855
Vacuum cleaner,31839
Vacuum squeegee blade,30659
Vacuum sleeve,30658
Vacuum roller,30657
Vacuum roller brush,30656
Vacuum power tool adaptor,30655
Vacuum hose,30654
Flat vacuum filter,30653
Vacuum filter cartridge,30652
Vacuum filter basket,30651
Vacuum electric brush,30650
Vacuum drive board,30649
Vacuum disc pad,30648
Vacuum disc brush,30647
Vacuum bag,30646
Vacuum filter bag,31528
Attachment kit,32795
Vacuum attachment kit,30645
Vacuum ash filter,30644
Window vacuum,35629
Universal vacuum cleaner,31563
Wet & dry vacuum,30458
Corner block,30514
Insect repellent,34731
Insecticide cassette,35862
Bird deterrent,35538
Decoy,35537
Kite bird scarer,35539
Insect wipes,35739
Liquid insect repellent refill,35247
Baited trap,34896
Barrier tape,34897
Barrier wool,33762
Copper tape,13443
Fly swat,32614
Greaseband,36471
Imitation wasp nest,32571
Slug trap,34895
Spider vacuum,32626
Squirrel baffle,36228
Bait station,32090
Fruit fly trap,34903
Insect trap,35973
Paper,33816
Trap refill,34020
Mole trap,30955
Mouse trap,30956
Rat trap,30958
Rodent bait station,31527
Rodent trap,28431
Rodenticide,32479
Cat & mole repellent,27512
Electronic fumigator,31561
Fan repeller,35524
Pest repeller,28430
Sonic pest repeller,33754
UV mosquito killer,30470
Ant bait station,32511
Ant killer,32513
Bed bug killer,32517
Cat & dog scatter spray,35880
Clothes moth killer,32478
Clothes moth refill,32501
Flea powder,32519
Fly & wasp killer aerosol,32521
Fogere mole smoke cartridge,30949
Insect foam,28434
Insect powder,28429
Insect spray,28433
Insects gel,30953
Moth balls,31525
Pest foam,28437
Pest Granules,36606
Pest powder,28435
Pest spray,28436
Wasp nest killer,32523
Fly killer,28428
Bird control spikes,28427
Intruder excluder,31524
Pest control spike clips,33753
Beading,29191
Bellcast bead,33506
Stop bead,27173
C Stud,11995
Metal stud,17679
Channel connector,22178
Channel extender,29959
Folded edge channel,27162
Lining channel,17678
Lining track,31261
U channel,12724
Pebbles,17573
Rounded pebbles,30768
Crushed decorative stone,17579
Decorative stones,22243
Rockery stone,34023
Sandstone,31285
Stone,25676
Fine sand,31284
Bird screen,29199
Insect screen,29200
Screen,32994
Car cover,36173
Vehicle cover,36202
Car vacuum cleaner,29015
Tyre pressure gauge,29061
Tyre safety kit,32961
Tyre tread gauge,29062
Play sand,25688
Sledge,12567
Giant tumble tower,35841
Hula hoop,36725
Skipping rope,36741
Stunt kite,36742
Water balloon pump,33950
Family fun pool,31648
Family lounge pool,31657
Family swimming pool,31759
Inflatable pool,34461
Paddling pool,27573
Pool,31724
Trampoline,13114
Garden table & bench set,35685
Coffee set,29351
Parasol base,12884
Bench,18691
Bench & storage box,29370
Barbecue side shelf,36550
Barbecue stand,36549
Grill spatula,32043
Digital barbecue smoker,35869
Barbecue stone,32482
Pizza stone,32542
Barbecue rotisserie,35546
Tripod hanging grill,34005
Grilling hub,33923
Pizza oven,24104
Bucket barbecue,31777
Barbecue basket,32020
Barbecue drip pan,30663
Barbecue grill pan,30662
Barbecue pot,35676
Barbecue tray,31693
Barbecue wok,36709
Barbecue wok & steamer,36708
Grill basket,33310
Poultry stand,36723
Barbecue fan,27438
Electric fence energiser,29163
Planter,12795
Vertical garden planter,35798
Pot saucer,34043
Saucer,10651
Trough saucer,32107
Raised bed kit,27652
Trough,13449
Capillary matting sheet kit,36635
Planted living wall kit,36500
Climbing plant,35802
Planted hanging basket,21331
Planted hanging pot,33111
Pendant light,29852
Ground light,12329
Smart ground light,36249
Smart stake light,36250
Stake light,12711
String light,24447
Lamp post,18396
Post light,12770
Underwater light,35389
Attachable fence light,34625
Decorative light,8222
Hanging bulb,34088
Hanging light,30219
Hanging lantern,29844
Mini lantern,30606
Outdoor lamp,12653
Fence post light,34087
Barbecue light,34008
LED light,33970
4 faces wall light,29825
Wall light,8233
Ball light,33324
Mosquito repellent light,30253
Spike light,12632
Hazard lamp,36617
Warning light,29884
Decking light,30605
Pillar light,30761
Pond light,8223
Rock cube light,33929
Rock ground light,29857
Spike floodlight,29860
Spotlight,12678
4 faces lamp post,18404
4 faces post light,18399
Bollard light,8224
Post lantern,8232
Bulkhead wall light,29830
Fence light,8307
Flood light,8308
Mosquito repellent UV light,18422
Security light,8309
Twin wall light,8310
Floodlight,12259
Gutter lamp,30763
Sconce light,31882
Solar lamp,35507
Twin flood light,30218
Wall/stake light,30762
Deck light,18418
Deck lighting extension kit,8220
Deck lighting kit,8221
Decking lighting extension kit,30784
Decking lighting kit,30783
Floor light,12255
Floor spot light,29841
Step light,29864
Pendant lamp,12804
Table lamp,29865
Water ball light,33325
Curtain lights,12111
Net lights,12648
Parasol light,13492
Brick light,18394
Double spike spotlight,36663
Marker light,29849
Spike spotlight,36664
Walkover light,30611
Lantern speaker light,34032
Switch wall light,33930
6 faces wall light,29826
Bulkhead,29828
Coach lantern,29833
Half wall light,29842
Hanging coach lantern,29843
Hanging wall light,29845
Twin security light,30217
Up & down wall light,29867
Wall lantern,29869
6 faces lamp post,18413
6 faces post light,18408
Post topper light,29854
Under roof light,12727
Lamp shade carrier,35190
Stairway light,34355
Floor & table lamp stand,33396
Floor lamp stand,33393
Lamp stand,33398
Table lamp stand,33397
Light diffuser,33415
Floor & table lamp base,32432
Floor lamp base,26910
Table lamp base,26913
Bathroom wall light,10519
Bulkhead light,29829
Display light,29836
Double bathroom wall light,30782
Double wall light,29839
Picture light,26890
Wall uplighter,26916
Clip-on desk lamp,26907
Desk lamp,29835
Illuminated sign,30226
Table & floor lamp,26885
Table lamp with remote,10517
Table light,10522
Task lamp,30225
Batten strip light,28419
Strip light,26905
Strip light kit,26906
Strip light starter kit,30612
Strip light upgrade kit,30607
Bathroom spotlight,26911
Double spotlight,29838
Mini spotlight,29850
Sconce spotlight,31883
Spotlight bar,29861
Spotlight plate,29862
Suspended spotlight,31578
Projector lamp,26912
Projector light with remote,26903
Projector torch,29855
Fibre optic lamp,10523
Night light,12670
Night light adapter,11746
Projector & night light,10505
Sensor night light,10521
USB night light,30224
Lamp shade,30222
Light shade,26902
Light shade & diffuser,30223
Uplighter light shade,30221
Light panel,22245
Floor & table lamp,32679
Floor lamp,26901
Floor lamp with remote,26917
Floor spotlight,34496
Mother & child floor light,33583
Shelf floor lamp,34638
Uplighter floor lamp,29868
Drawer light,26904
Chandelier,26889
Light pendant,29848
Pendant ceiling light,26909
Bathroom ceiling light,26886
Ceiling light,21381
Ceiling light with remote,26914
Ceiling fan light,26888
Cabinet corner light,35357
Cabinet downlight,29831
Cabinet light,26887
Cabinet light kit,26908
Cabinet spotlight,29832
Cabinet strip light,26915
Over cabinet light,29851
Under cabinet light,10518
Speaker lantern,35454
Detachable light,33395
Portable lamp,33830
Angle light,34870
Flashlight,31879
Light,24929
Plasterers light,26884
Portable light,29853
Site light,29859
Twin head work light,30609
Under-bonnet work light,31880
Work light & torch,29870
Work task light,30220
Compact torch,26879
Inspection torch,33896
Key chain light,29846
Keylight,29847
Portable flashlight,26880
Push light,29856
Spotlight torch,31884
Survival torch,26881
Camping lantern,31877
Small lantern,26016
Inspection lamp,30212
Inspection light,12430
Shop light,30215
Head lamp,30216
Head light,12355
Head torch,26878
Fluorescent starter,31577
Transformer,22337
LED driver,25759
Motion sensor,12539
Motion sensor switch,34230
Track system with integrated LED,26078
Lighting central connector,26080
Lighting connector,21734
Lighting internal connector,26077
Lighting live end,26076
Lighting track connector,35937
Panel suspension kit,26075
Panel surface mount,26074
Commercial downlight,26072
Track,13100
High bay light,26070
Low bay light,26071
Emergency light,30213
Emergency lighting kit,36724
Safety light,30214
Sign,26068
Emergency lighting pack,26066
Emergency lighting gear tray,26065
Batten starter,11778
Standard universal starter,29863
Tube starter,24363
Shaver light,29858
Twin batten,30211
Double floodlight,29837
Slimline floodlight,30210
Smart ceiling light,33360
Flexible strip light,26063
Flexible strip light extension pack,26062
Light strip extension pack,30209
Light strip starter pack,30208
Smart downlight,26061
Downlight kit,26060
Light bulb,25637
Smart bulb,30608
Smart lighting kit,26058
Smart lighting starter kit,26057
Bulb set,28797
Wire connector box,35249
Lampholder with motion sensor,34983
Downlight with speaker,34735
Binnacle,30206
Contractor downlight,29834
Downlight,25743
Drop rod downlight,30207
Downlight lamp holder,25745
Downlight holder,25746
Downlight holder clip set,31878
Fixation ring,35242
Downlight guard,25747
Downlight insulation guard,29840
Downlight conversion kit,30610
Downlight converter,12413
Downlight bezel,12414
Voltage regulator,35717
Batteries,30531
Power bank,25648
Phone holder with socket & USB,35453
In-car charger,34438
USB adaptor plug,34594
Wired charger,34439
Earbuds,34245
Earphones,34244
Earpods,34304
Headphones,34427
Office headphones,35940
Headset,34916
Laminating pouch,33690
Electrical isolating kit,35172
Phone case,30625
International travel adaptor,30001
Travel adaptor,30089
Wireless charger,25661
Power supply adaptor,25655
Key finder,25658
Phone charging case,30004
Charging cable,25659
Ceiling speaker,25657
Card reader,25656
Hi-vis jacket,24782
Lightweight hi-vis jacket,28398
Safety gloves,28393
Secure handling gloves,24948
Gloves,28070
Mechanical hazard gloves,24945
Gardening gloves,24943
Landscaping gloves,24944
Thermal gardening gloves,30533
Builders' gloves,30532
General handling gloves,24942
Disposable gloves,24941
Cut resistant gloves,24940
Lab coat,36722
Warehouse coat,24785
Apron,24816
Cooking apron,34960
Knob,32305
Freezer bag,34784
Sandwich bag,34819
Juicer,27007
Kettle,25185
Cutting mat,23638
Bread maker,34181
Microwave,27109
Foot stool,27607
Oil burner,34085
